nss:785776	2026-09
nss:785775	2026-09
nss:785730	2026-09
nss:785717	2026-09
nss:785716	2026-09
nss:785707	2026-09
nss:785703	2026-09
nss:785694	2026-09
nss:785714	2026-09
nss:785693	2026-09
nss:785706	2026-09
nss:785721	2026-09
nss:785720	2026-09
nss:785692	2026-09
nss:785691	2026-09
nss:785614	2026-09
nss:785613	2026-09
nss:785622	2026-09
nss:785607	2026-09
nss:785619	2026-09
nss:785608	2026-09
nss:785618	2026-09
nss:785612	2026-09
nss:785620	2026-09
nss:785609	2026-09
nss:785610	2026-09
nss:785615	2026-09
nss:785565	2026-09
nss:785572	2026-09
nss:785542	2026-09
nss:785564	2026-09
nss:785590	2026-09
nss:785580	2026-09
nss:785569	2026-09
nss:785570	2026-09
nss:785563	2026-09
nss:785616	2026-09
nss:785571	2026-09
nss:785611	2026-09
nss:785540	2026-09
nss:785617	2026-09
nss:785541	2026-09
nss:785713	2026-09
nss:785705	2026-09
nss:785537	2026-09
nss:785526	2026-09
nss:785538	2026-09
nss:785527	2026-09
nss:785535	2026-09
nss:785485	2026-09
nss:785499	2026-09
nss:785486	2026-09
nss:785498	2026-09
nss:785462	2026-09
nss:785476	2026-09
nss:785467	2026-09
nss:785507	2026-09
nss:785409	2026-09
nss:785415	2026-09
nss:785404	2026-09
nss:785403	2026-09
nss:785414	2026-09
nss:785384	2026-09
nss:785419	2026-09
nss:785455	2026-09
nss:785407	2026-09
nss:785690	2026-09
nss:785418	2026-09
nss:785413	2026-09
nss:785410	2026-09
nss:785579	2026-09
nss:785339	2026-09
nss:785379	2026-09
nss:785344	2026-09
nss:785375	2026-09
nss:785343	2026-09
nss:785346	2026-09
nss:785378	2026-09
nss:785340	2026-09
nss:785338	2026-09
nss:785381	2026-09
nss:785380	2026-09
nss:785456	2026-09
nss:785399	2026-09
nss:785318	2026-09
nss:785306	2026-09
nss:785382	2026-09
nss:785377	2026-09
nss:785295	2026-09
nss:785246	2026-09
nss:785238	2026-09
nss:785242	2026-09
nss:785239	2026-09
nss:785236	2026-09
nss:785160	2026-09
nss:785305	2026-09
nss:785213	2026-09
nss:785161	2026-09
nss:785196	2026-09
nss:785206	2026-09
nss:785199	2026-09
nss:785141	2026-09
nss:785154	2026-09
nss:785143	2026-09
nss:785144	2026-09
nss:784858	2026-09
nss:784823	2026-09
nss:784830	2026-09
nss:784848	2026-09
nss:784864	2026-09
nss:784824	2026-09
nss:784820	2026-09
nss:784791	2026-09
nss:785405	2026-09
nss:785147	2026-09
nss:785240	2026-09
nss:784813	2026-09
nss:784795	2026-09
nss:784809	2026-09
nss:784792	2026-09
nss:784778	2026-09
nss:784762	2026-09
nss:784726	2026-09
nss:784681	2026-09
nss:783988	2026-09
nss:783757	2026-09
nss:783181	2026-09
nss:782453	2026-09
nss:782351	2026-09
nss:785621	2026-09
nss:781616	2026-09
nss:780655	2026-09
nss:769188	2026-09
nss:768627	2026-09
nss:748275	2026-09
nss:747787	2026-09
nss:741995	2025-05
nss:740565	2025-04
nss:785529	2026-09
nss:785536	2026-09
nss:785501	2026-09
nss:785497	2026-09
nss:785502	2026-09
nss:785412	2026-09
nss:785461	2026-09
nss:785401	2026-09
nss:785406	2026-09
nss:785420	2026-09
nss:785463	2026-09
nss:785416	2026-09
nss:785494	2026-09
nss:785347	2026-09
nss:785352	2026-09
nss:785374	2026-09
nss:785373	2026-09
nss:785411	2026-09
nss:785323	2026-09
nss:785337	2026-09
nss:785353	2026-09
nss:785322	2026-09
nss:785316	2026-09
nss:785457	2026-09
nss:785402	2026-09
nss:785312	2026-09
nss:785317	2026-09
nss:785299	2026-09
nss:785301	2026-09
nss:785310	2026-09
nss:785309	2026-09
nss:785313	2026-09
nss:785297	2026-09
nss:785298	2026-09
nss:785300	2026-09
nss:785248	2026-09
nss:785245	2026-09
nss:785249	2026-09
nss:785247	2026-09
nss:785201	2026-09
nss:785235	2026-09
nss:785202	2026-09
nss:785207	2026-09
nss:785203	2026-09
nss:785214	2026-09
nss:785167	2026-09
nss:785140	2026-09
nss:785166	2026-09
nss:785092	2026-09
nss:784855	2026-09
nss:784825	2026-09
nss:784846	2026-09
nss:784839	2026-09
nss:784827	2026-09
nss:785135	2026-09
nss:784810	2026-09
nss:784794	2026-09
nss:784815	2026-09
nss:784821	2026-09
nss:784812	2026-09
nss:784776	2026-09
nss:784742	2026-09
nss:785524	2026-09
nss:784560	2026-09
nss:784303	2026-09
nss:784297	2026-09
nss:784289	2026-09
nss:784320	2026-09
nss:784160	2026-09
nss:784066	2026-09
nss:784025	2026-09
nss:783916	2026-09
nss:783759	2026-09
nss:783202	2026-09
nss:782897	2026-09
nss:781157	2026-09
nss:780573	2026-09
nss:748087	2026-09
nss:747796	2026-09
nss:747563	2026-09
nss:785809	2026-09
nss:785794	2026-09
nss:785806	2026-09
nss:785793	2026-09
nss:785788	2026-09
nss:785808	2026-09
nss:785803	2026-09
nss:785807	2026-09
nss:785791	2026-09
nss:785800	2026-09
nss:785805	2026-09
nss:785789	2026-09
nss:785801	2026-09
nss:785804	2026-09
nss:785790	2026-09
nss:785786	2026-09
nss:785802	2026-09
nss:785787	2026-09
nss:785792	2026-09
nss:785796	2026-09
nss:785797	2026-09
nss:785799	2026-09
nss:785798	2026-09
nss:785142	2026-09
nss:784822	2026-09
nss:784789	2026-09
nss:784756	2026-09
nss:780783	2026-09
nss:746917	2026-09
nss:785818	2026-09
nss:785815	2026-09
nss:785820	2026-09
nss:785816	2026-09
nss:785822	2026-09
nss:785811	2026-09
nss:785810	2026-09
nss:785817	2026-09
nss:785814	2026-09
nss:785821	2026-09
nss:785819	2026-09
nss:785205	2026-09
nss:781764	2026-09
nss:785176	2026-09
nss:785906	2026-09
nss:785903	2026-09
nss:785904	2026-09
nss:785905	2026-09
nss:785888	2026-09
nss:785900	2026-09
nss:785896	2026-09
nss:785883	2026-09
nss:785901	2026-09
nss:785895	2026-09
nss:785897	2026-09
nss:785898	2026-09
nss:785902	2026-09
nss:785889	2026-09
nss:785899	2026-09
nss:785251	2026-09
nss:785155	2026-09
nss:784833	2026-09
nss:784832	2026-09
nss:784805	2026-09
nss:784838	2026-09
nss:784779	2026-09
nss:784349	2026-09
nss:784026	2026-09
nss:783201	2026-09
nss:769781	2026-09
nss:768920	2026-09
nss:744803	2025-09
nss:744653	2025-08
nss:743809	2025-07
nss:743002	2025-06
nss:785933	2026-10
nss:785935	2026-10
nss:785938	2026-10
nss:785944	2026-10
nss:785936	2026-10
nss:785955	2026-10
nss:785942	2026-10
nss:785947	2026-10
nss:785949	2026-10
nss:785950	2026-10
nss:785951	2026-10
nss:785953	2026-10
nss:785937	2026-10
nss:785948	2026-10
nss:785946	2026-10
nss:785940	2026-10
nss:785931	2026-10
nss:785956	2026-10
nss:785943	2026-10
nss:785932	2026-10
nss:785958	2026-10
nss:785934	2026-10
nss:785954	2026-10
nss:785945	2026-10
nss:785941	2026-10
nss:785952	2026-10
nss:785907	2026-10
nss:785939	2026-10
nss:785376	2026-10
nss:785200	2026-10
nss:785137	2026-10
nss:785241	2026-10
nss:785243	2026-10
nss:784467	2026-10
nss:781640	2026-10
nss:780543	2026-10
nss:780586	2026-10
nss:780248	2026-10
nss:768848	2026-10
nss:747783	2026-10
nss:745067	2025-09
nss:743376	2025-07
nss:786053	2026-10
nss:786052	2026-10
nss:786051	2026-10
nss:786050	2026-10
nss:786049	2026-10
nss:786038	2026-10
nss:786041	2026-10
nss:786042	2026-10
nss:786044	2026-10
nss:786045	2026-10
nss:786047	2026-10
nss:786029	2026-10
nss:786043	2026-10
nss:786034	2026-10
nss:786027	2026-10
nss:786028	2026-10
nss:786026	2026-10
nss:786030	2026-10
nss:786035	2026-10
nss:786037	2026-10
nss:786040	2026-10
nss:786048	2026-10
nss:786046	2026-10
nss:786031	2026-10
nss:786025	2026-10
nss:786033	2026-10
nss:786024	2026-10
nss:786032	2026-10
nss:786039	2026-10
nss:786036	2026-10
nss:786023	2026-10
nss:785354	2026-10
nss:785132	2026-10
nss:784862	2026-10
nss:784684	2026-10
nss:784150	2026-10
nss:783555	2026-10
nss:783056	2026-10
nss:748273	2026-10
nss:741532	2025-05
nss:725191	2024-09
nss:651596	2019-08
nss:786085	2026-10
nss:786086	2026-10
nss:786088	2026-10
nss:786087	2026-10
nss:786094	2026-10
nss:786089	2026-10
nss:786123	2026-10
nss:786107	2026-10
nss:786104	2026-10
nss:786106	2026-10
nss:786108	2026-10
nss:786110	2026-10
nss:786105	2026-10
nss:785159	2026-10
nss:784380	2026-10
nss:784133	2026-10
nss:783921	2026-10
nss:783454	2026-10
nss:782916	2026-10
nss:782899	2026-10
nss:782894	2026-10
nss:782690	2026-10
nss:782651	2026-10
nss:781893	2026-10
nss:781765	2026-10
nss:781386	2026-10
nss:748524	2026-10
nss:741827	2025-05
nss:737312	2024-12
nss:735928	2024-10
nss:724887	2024-09
nss:786129	2026-10
nss:786154	2026-10
nss:786153	2026-10
nss:786157	2026-10
nss:786158	2026-10
nss:785408	2026-10
nss:785417	2026-10
nss:783890	2026-10
nss:780716	2026-10
nss:786202	2026-10
nss:786206	2026-10
nss:786205	2026-10
nss:786213	2026-10
nss:786198	2026-10
nss:786215	2026-10
nss:786220	2026-10
nss:786201	2026-10
nss:786204	2026-10
nss:786210	2026-10
nss:786211	2026-10
nss:786203	2026-10
nss:786209	2026-10
nss:786207	2026-10
nss:786212	2026-10
nss:786214	2026-10
nss:786200	2026-10
nss:786216	2026-10
nss:786199	2026-10
nss:786195	2026-10
nss:786197	2026-10
nss:786219	2026-10
nss:786180	2026-10
nss:786218	2026-10
nss:786217	2026-10
nss:786196	2026-10
nss:783300	2026-10
nss:782348	2026-10
nss:786287	2026-10
nss:786282	2026-10
nss:786290	2026-10
nss:786280	2026-10
nss:786278	2026-10
nss:786284	2026-10
nss:786274	2026-10
nss:786283	2026-10
nss:786285	2026-10
nss:786275	2026-10
nss:786276	2026-10
nss:786291	2026-10
nss:786279	2026-10
nss:786292	2026-10
nss:786273	2026-10
nss:785244	2026-10
