ns:deska:23cdo3482/2024	2026-03
ns:deska:23cdo636/2025	2026-03
ns:deska:23cdo2869/2025	2026-03
ns:deska:23cdo3243/2024	2026-03
ns:deska:23cdo1455/2025	2026-04
ns:deska:23cdo2670/2025	2026-04
ns:deska:23cdo2942/2025	2026-04
ns:deska:23cdo172/2026	2026-04
ns:deska:23cdo2361/2025	2026-04
ns:deska:23cdo491/2025	2026-04
ns:E81D4CE7B6F7B227C1258DFD004D269B	2026-05
ns:deska:23cdo1649/2025	2026-05
ns:E1FEBEE81753E421C1258E0B004D4328	2026-05
ns:deska:23cdo824/2025	2026-05
ns:B785A0523CF6017FC1258E12004D3B64	2026-05
ns:deska:23cdo1993/2025	2026-05
ns:deska:23cdo2523/2024	2026-05
ns:CEA48950AD32B534C1258E20004D4612	2026-06
ns:deska:23cdo418/2026	2026-06
ns:13E8C436D30A0A27C1258E06004D5974	2026-06
ns:198FA986D3B299A9C1258DFD004D26CA	2026-06
ns:222A9C8DA25F3BE4C1258E0A004D71A0	2026-06
ns:2FDDD9D8E2D56312C1258DFD004D26A4	2026-06
ns:3294D8390CFBE4C9C1258DFD004D267F	2026-06
ns:389A0501BD1C45D7C1258E0B004D4322	2026-06
ns:3BE6FCB9AF3E9FA8C1258E0A004D71A5	2026-06
ns:40858EA16B366A5AC1258DFF004D2D33	2026-06
ns:498A3223FD1897E7C1258DFD004D2690	2026-06
ns:6416DDEC3339BD77C1258E06004D5960	2026-06
ns:65C368CC4051DAC0C1258E12004D3B36	2026-06
ns:6DD3F890AC2EA790C1258E0B004D430B	2026-06
ns:73EF8301C103EBFAC1258E06004D5956	2026-06
ns:7DEF068CD6B3DE94C1258E12004D3B8C	2026-06
ns:887ED364204B618BC1258E0B004D4300	2026-06
ns:8A7EECCF2CF912C0C1258DFF004D2D3A	2026-06
ns:92F4BAC5D809B5B6C1258DFD004D2696	2026-06
ns:9DC14E87B0340F27C1258DFF004D2D26	2026-06
ns:A36E973882A95391C1258E0B004D431C	2026-06
ns:B1F5B942B7830BDEC1258DFD004D2672	2026-06
ns:C46B3AD715E3A363C1258DFD004D2677	2026-06
ns:D2CC9815267F699BC1258DFD004D268B	2026-06
ns:D3C00A18BC72A30CC1258E12004D3B3C	2026-06
ns:D598AC7C869B6EB3C1258E0B004D4306	2026-06
ns:DF8B2D41007B6160C1258DFD004D26B4	2026-06
ns:E09B0E40CF6C3C76C1258E0B004D4311	2026-06
ns:F1BCAB422EDF257CC1258E06004D594A	2026-06
ns:F72030C89344BD48C1258E12004D3B6B	2026-06
ns:1973D0F32A1C7ADAC1258E1B004D4132	2026-06
ns:56843FECAFCDF130C1258E1B004D4159	2026-06
ns:D21E1F0BB7EDB1E9C1258E1B004D40F0	2026-06
ns:deska:23cdo744/2025	2026-06
ns:0184D761038F8906C1258E20004D4684	2026-06
ns:263E78A7DDD338FDC1258E20004D4669	2026-06
ns:2F44B84DBA7E18D9C1258E20004D4639	2026-06
ns:5A919DCA395C42E4C1258E20004D4663	2026-06
ns:74529DF7D5373A86C1258E20004D465D	2026-06
ns:82EC009B797AD006C1258E20004D468F	2026-06
ns:8C4623CDD6256FEBC1258E20004D463D	2026-06
ns:BB63D1E1C6FAB4C2C1258E20004D45E7	2026-06
ns:CF93BBD4E6063721C1258E20004D4656	2026-06
ns:D32C36835E826C70C1258E20004D4688	2026-06
ns:deska:23cdo846/2025	2026-06
ns:FB167FC6E19577E5C1258E25004D2EEF	2026-06
ns:151BC1756D6F73F3C1258E2E004D1A8A	2026-07
ns:175ED6442B3C433AC1258E2E004D19EB	2026-07
ns:2F6414C0013C785FC1258E3C004D3D1C	2026-07
ns:386F18372DA62D11C1258E2E004D1A1D	2026-07
ns:434E4DF686DDED3BC1258E2E004D1A32	2026-07
ns:4EAC77148BA75679C1258E2E004D1A07	2026-07
ns:95AE660251958539C1258E2E004D1A2B	2026-07
ns:BCCC3BD95DEC91A4C1258E2E004D1A00	2026-07
ns:DFB829ED290BDFA0C1258E2E004D1A23	2026-07
ns:deska:23cdo2349/2025	2026-07
ns:45F1154F6A0C4371C1258E33004D2F6E	2026-07
ns:deska:23cdo2/2026	2026-07
ns:BB5F1DCA53B073DBC1258E33004D2F78	2026-07
ns:deska:23cdo2613/2025	2026-07
ns:23A8416E963EDC95C1258E36004D00CE	2026-07
ns:3EEF7154D70ACDBDC1258E36004D00D3	2026-07
ns:59C4C62083F7BC9AC1258E36004D00F7	2026-07
ns:59FCB84CD1C2632BC1258E36004D00FC	2026-07
ns:62DC2070DB23D0BFC1258E49004D3D16	2026-07
ns:A1662AFCDB433867C1258E36004D00C2	2026-07
ns:CD18E1228684B99BC1258E36004D00C6	2026-07
ns:deska:23cdo88/2025	2026-07
ns:deska:23cdo1264/2025	2026-07
ns:0645DBAE3B9BC4B4C1258E3C004D3D4E	2026-07
ns:23CE1C4589BBE123C1258E3C004D3D25	2026-07
ns:2F4FA1D7C9BE1532C1258E3C004D3D5C	2026-07
ns:388F1E5938B06C49C1258E3C004D3D35	2026-07
ns:462517A8607935A5C1258E3C004D3D3C	2026-07
ns:4E23054FD830263CC1258E3C004D3CEA	2026-07
ns:5C0EA285B03EF2D2C1258E3C004D3D18	2026-07
ns:6AF576034F7806BFC1258E3C004D3D43	2026-07
ns:9BA1010E86361008C1258E53004D5466	2026-07
ns:C4C3FD6BA429CD52C1258E3C004D3D2D	2026-07
ns:FA07BE1227605D10C1258E3C004D3D47	2026-07
ns:deska:23cdo1557/2025	2026-07
ns:D2F52B1F5AEDDD5CC1258E49004D3CFD	2026-07
ns:deska:23cdo2428/2025	2026-07
ns:8A4988605D557CAAC1258E57004D332A	2026-07
ns:deska:23cdo1714/2025	2026-07
ns:560940DFFCEEF401C1258E49002DA89B	2026-08
ns:7087042A81708D0AC1258E49004D3D0B	2026-08
ns:37765379DF4FE14BC1258E4A004D3EAC	2026-08
ns:5D288D7A92DB343CC1258E4A004D3E82	2026-08
ns:64F646A2B22EFF79C1258E4A004D3E90	2026-08
ns:66EE34B7B83A2759C1258E4A004D3E62	2026-08
ns:6B95B5C57FEE5A96C1258E4A004D3E88	2026-08
ns:81E3E81F3B85D985C1258E4A004D3E6A	2026-08
ns:996127FBDB5CAFFDC1258E4A004D3EC2	2026-08
ns:A3FDA050F3876565C1258E4A004D3E9C	2026-08
ns:AD151696595D8489C1258E4A004D3EC8	2026-08
ns:BE09487D306A52A6C1258E4A004D3E96	2026-08
ns:D3CA2A4A5354BC59C1258E4A004D3EA4	2026-08
ns:692053CB854E6D6FC1258E52004D540B	2026-08
ns:409D6A6E06D4464EC1258E57004D3301	2026-08
ns:477636F24B60D82FC1258E66004D4A76	2026-08
ns:630E23BCC275DBEFC1258E59004D3384	2026-08
ns:E346F3720DA28BF4C1258E66004D4A98	2026-08
ns:F569CB29C83F5578C1258E59004D338C	2026-08
ns:deska:23cdo1573/2025	2026-08
ns:deska:23cdo662/2026	2026-08
ns:8A4528B484E3740FC1258E66004D4A92	2026-08
ns:deska:23cdo3231/2025	2026-08
ns:14D3D73BC62E458AC1258E66004D4A61	2026-09
ns:84833B9E60205C5FC1258E66004D4A52	2026-09
ns:C1060943FB834763C1258E66004D4A58	2026-09
ns:D5CA16696ACC60F7C1258E66004D4A5D	2026-09
ns:FFF5FB02427047D9C1258E66004D4A66	2026-09
ns:05F883D900EE4239C1258E6C004D4A4B	2026-09
ns:1BC8D423EC7EA557C1258E6C004D4A64	2026-09
ns:40FB6710702F744CC1258E6C004D4A40	2026-09
ns:4CC143BB36202B90C1258E6C004D4A2B	2026-09
ns:50F2221779D43F73C1258E6C004D4A35	2026-09
ns:64FD9878543132DAC1258E6C004D4A30	2026-09
ns:758760B21D0A51A2C1258E6C004D4A51	2026-09
ns:8E2C3A4599D8ED7AC1258E6C004D4A3B	2026-09
ns:92AC90ACDD3C715EC1258E6C004D4A55	2026-09
ns:B0A67138F06F3BE7C1258E6C004D4A15	2026-09
ns:CDAE39F1A9E41884C1258E6C004D4A44	2026-09
ns:EB0396D649824904C1258E6C004D4A0F	2026-09
ns:EEE311A84077A446C1258E6C004D4A5D	2026-09
ns:61C9600725A71A0FC1258E6E0015FE2D	2026-09
ns:0A939852534E0534C1258E6E004D32E6	2026-09
ns:B7F0C0D32CBE09CFC1258E6E004D333B	2026-09
ns:9BEE1096D570D808C1258E6F004D32E7	2026-09
ns:deska:23cdo2659/2025	2026-09
ns:3ADB83CD1CE46730C1258E76004D43BD	2026-09
ns:C72123BE10593B34C1258E76004D43B5	2026-09
ns:deska:23cdo2521/2025	2026-09
ns:1D270DEFA2E06F9FC1258E78004D5AE1	2026-09
ns:222A24C9B2802ABEC1258E78004D5AE6	2026-09
ns:7A8A8606FD45E96CC1258E78004D5AFF	2026-09
ns:B3772458C215CF52C1258E78004D5AEC	2026-09
ns:01B9345585843DDBC1258E72004D2C0B	2026-09
ns:01D524A936B068B8C1258E7A004D2C87	2026-09
ns:077FC75E4ECA5DBAC1258E75004D4351	2026-09
ns:09868CA1CBCD085CC1258E76004D4399	2026-09
ns:0CF4F2FBFA810CB0C1258E75004D4355	2026-09
ns:0D60F7F268508D3DC1258E7B004D2BD6	2026-09
ns:107D0F643BE7F645C1258E7A004D2C97	2026-09
ns:139476FF70CECC46C1258E72004D2C21	2026-09
ns:16861D03C3F8994CC1258E7B004D2BC7	2026-09
ns:168F516EE83F53CDC1258E78004D5AD9	2026-09
ns:172E2AC2BFCE5303C1258E72004D2C63	2026-09
ns:17A1A432DC31FAC6C1258E74004D4364	2026-09
ns:1CE127ECDB9AEC91C1258E78004D5AF2	2026-09
ns:1FD22C0D6106F722C1258E78004D5AC8	2026-09
ns:21AC86A4499DFD7FC1258E7B004D2BBF	2026-09
ns:21CB95A6721F3227C1258E76004D43A7	2026-09
ns:233508B8D980EFFFC1258E73004D43B1	2026-09
ns:245CECCC69335B07C1258E74004D4396	2026-09
ns:2F9BBAF8BA71ACBBC1258E78004D5AF5	2026-09
ns:33B17F22FAAA9FBEC1258E78004D5ABB	2026-09
ns:3EC92B05D11943A2C1258E7B004D2B9E	2026-09
ns:41F97C6097C22FE8C1258E74004D4389	2026-09
ns:446507B0A6DC1BDBC1258E79004D2C07	2026-09
ns:477A5B4CD7A5D6E7C1258E7A004D2CAB	2026-09
ns:504D79DE93C637D5C1258E73004D43B6	2026-09
ns:549AC869BE985191C1258E72004D2C5E	2026-09
ns:5535DB63F66C072DC1258E7A004D2C74	2026-09
ns:5F03D5AB065A620DC1258E72004D2C05	2026-09
ns:6411A326A1E17CE6C1258E7A004D2C81	2026-09
ns:67C6A8E917FD3586C1258E7A004D2C92	2026-09
ns:69FE9B75A04BE760C1258E79004D2C20	2026-09
ns:6AF5FFC32D60A674C1258E7A004D2C7B	2026-09
ns:7065F247ADFA4876C1258E79004D2C4D	2026-09
ns:778DF2A586E6CEE9C1258E7A004D2C69	2026-09
ns:783B0079D7A67D53C1258E7A004D2C70	2026-09
ns:83FB884C60C5B965C1258E7A004D2CB1	2026-09
ns:8567D1704275D0FCC1258E74004D4380	2026-09
ns:8C8C810038124FE3C1258E74004D4370	2026-09
ns:9229CBB566045730C1258E74004D439F	2026-09
ns:9B2A72B10F7D8359C1258E76004D439E	2026-09
ns:9B461C4FF18548E9C1258E7B004D2B98	2026-09
ns:9BDB2B103F88A4D3C1258E7B004D2BBA	2026-09
ns:9C1CEC08CDC0F35AC1258E72004D2C69	2026-09
ns:A08573C5D0C2A5B8C1258E73004D43BB	2026-09
ns:AD7946B1B57E719EC1258E76004D43AC	2026-09
ns:AF1FA422904E4463C1258E7B004D2BDB	2026-09
ns:AFB38A8B74E02D0AC1258E7B004D2BD0	2026-09
ns:B08C86940E1241EFC1258E79004D2C47	2026-09
ns:B299E8170766EAE8C1258E72004D2C59	2026-09
ns:B323339D016E13EDC1258E72004D2BFF	2026-09
ns:B365E7BCD6188E2AC1258E78004D5AD4	2026-09
ns:B3E87059435AEA0FC1258E78004D5AFA	2026-09
ns:B65841E4E495B311C1258E75004D432D	2026-09
ns:B7A6CBDE280F78CDC1258E73004D43AA	2026-09
ns:BB9A5FA72AADE5DAC1258E75004D4341	2026-09
ns:BF19B55A2A6CD2B3C1258E76004D43B1	2026-09
ns:C4982324EE055655C1258E7600160E34	2026-09
ns:C6D3AFCE7D275B36C1258E72004D2C3D	2026-09
ns:C6ED73494867FCF3C1258E7B004D2BA9	2026-09
ns:C82F11E067F4E437C1258E72004D2C16	2026-09
ns:C94C14DB7F61980DC1258E73004D43C1	2026-09
ns:D13876817A3B9AAFC1258E72004D2C29	2026-09
ns:D19D68EAD9A53823C1258E78004D5AC2	2026-09
ns:D24A18812EFC00C0C1258E7B004D2BA3	2026-09
ns:D928B14B205D2817C1258E79004D2C1B	2026-09
ns:DF4AB7CB585FA6FAC1258E75004D434A	2026-09
ns:E50CC195C946B42BC1258E73004D4395	2026-09
ns:E866E6A7B3255FAAC1258E72004D2C1B	2026-09
ns:EE4671F0553A4E68C1258E74004D4367	2026-09
ns:F65DDD35EF1AB799C1258E7A004D2CA0	2026-09
ns:F737AC88545167A5C1258E74004D438C	2026-09
ns:F76C53F99173E058C1258E74004D4392	2026-09
ns:F94306D10B35478AC1258E74004D439A	2026-09
ns:FB9B54BE2E5E0DA2C1258E7A004D2CA6	2026-09
ns:BAFA161D470DCE6AC1258E7A004D2C8D	2026-09
ns:00E531840FFC3790C1258E79004D2C38	2026-09
ns:0307CFFC31F91E49C1258E79004D2C2D	2026-09
ns:0580FB7E4D4D114CC1258E73004D439D	2026-09
ns:3067323454B5CE00C1258E7B004D2B95	2026-09
ns:30E2A4D6048D4751C1258E72004D2C44	2026-09
ns:376FC3487269C540C1258E74004D4386	2026-09
ns:3E89464392FA3FAAC1258E72004D2C10	2026-09
ns:40B659F1DEB88203C1258E7B004D2BB1	2026-09
ns:5EC5EAAF671353A1C1258E73004D4391	2026-09
ns:67FC6C9FD4599361C1258E72004D2C24	2026-09
ns:6A087C6D347C220BC1258E73004D43A0	2026-09
ns:6BAF932EA671B2E4C1258E79004D2C31	2026-09
ns:77FC0D8CD78E8DD8C1258E75004D4347	2026-09
ns:79BC30766390E225C1258E79004D2C3E	2026-09
ns:88A73101D05F1CACC1258E75004D4379	2026-09
ns:8AF8C396603701FDC1258E72004D2C37	2026-09
ns:918A4500ECE84D74C1258E72004D2C4B	2026-09
ns:954FE3D1CFD16DC8C1258E72004D2C2F	2026-09
ns:96786B88AC075B02C1258E74004D436B	2026-09
ns:993154CFC23A4D8DC1258E74004D437B	2026-09
ns:A048BF457A971B28C1258E73004D43A3	2026-09
ns:A6E930AEE8FDD918C1258E7B004D2BCD	2026-09
ns:B41194739E2ECBC6C1258E72004D2BFC	2026-09
ns:B7EB012CACDF7CC8C1258E72004D2C55	2026-09
ns:C412515B2F8A5667C1258E72004D2C50	2026-09
ns:C715DF7B7F78550DC1258E74004D4378	2026-09
ns:CAD5347BED6BEFC2C1258E79004D2C26	2026-09
ns:D4159173F249773CC1258E79004D2C43	2026-09
ns:D6C357A9CDDCDF90C1258E75004D4381	2026-09
ns:DC83BAD28B6AD7A1C1258E7B004D2BB6	2026-09
ns:E1998A5512B4A288C1258E72004D2C3A	2026-09
ns:EF663E3B9E4096EFC1258E72004D2C47	2026-09
ns:FEFF5C97F5D0C0A4C1258E75004D4336	2026-09
ns:0751F37E09DBAEEEC1258E75004D4366	2026-09
ns:58673D80E771A279C1258E75004D4370	2026-09
ns:66575200B1745850C1258E7500160E63	2026-09
ns:6FD8CC0B2300CC62C1258E75004D4363	2026-09
ns:8B42679E34104EF4C1258E75004D433E	2026-09
ns:9DC8512A89F152B9C1258E75004D436D	2026-09
ns:C1DEC2252DC5C906C1258E75004D437E	2026-09
ns:CDE775083D9B5379C1258E75004D4376	2026-09
ns:D40604B191A99109C1258E75004D435A	2026-09
ns:D74F7D646BEE8841C1258E75004D435F	2026-09
ns:DE407906F98762B6C1258E75004D4333	2026-09
ns:F49C119106B1DE87C1258E7500160E5E	2026-09
ns:05933C86B009FD33C1258E76004D4385	2026-09
ns:0DB54DBD96964B1DC1258E74004D4355	2026-09
ns:18E69B37ADD90BD0C1258E7A004D2C4F	2026-09
ns:32CB74745BC983FDC1258E7A004D2C49	2026-09
ns:369CFC185B4E69ABC1258E79004D2C11	2026-09
ns:388453503546FC03C1258E72004D2BEE	2026-09
ns:4D7CC6BC1326559CC1258E73004D4369	2026-09
ns:5249E397AB013A6CC1258E76004D430D	2026-09
ns:5703ED28A4F81B62C1258E74004D4344	2026-09
ns:5CE9F200BD16561FC1258E76004D4334	2026-09
ns:6E3E10582E1E31B9C1258E7A004D2C3E	2026-09
ns:6FB7AA2CDA639049C1258E76004D4391	2026-09
ns:7004591A32A99349C1258E73004D4379	2026-09
ns:7C94DBFF844179E6C1258E76004D432A	2026-09
ns:82F98120C0FED908C1258E76004D436D	2026-09
ns:8D62E0A1AC96B7C7C1258E7C002E492B	2026-09
ns:8FA1C853CE705963C1258E74004D434C	2026-09
ns:A370DDEAB5583DECC1258E76004D4316	2026-09
ns:A8D40EAE225C4D9FC1258E76004D431E	2026-09
ns:A9C499A310B24700C1258E73003ACEFB	2026-09
ns:AB9329B5443488C0C1258E73004D4384	2026-09
ns:AE5AAB6F87A80ADFC1258E76004D435E	2026-09
ns:AF90AF6535EEA623C1258E73004D438A	2026-09
ns:B06532D72FEDCDEDC1258E73004D4365	2026-09
ns:B758A003166BB6EAC1258E76004D433A	2026-09
ns:C212EBD846A672B3C1258E76004D4324	2026-09
ns:C9D5EF4A9F4FDF72C1258E76002757AA	2026-09
ns:C9F30A802DA9DCADC1258E73004D4371	2026-09
ns:CAC0522691E8BD88C1258E76004D4343	2026-09
ns:D50B292E0D32DD2FC1258E74004D433B	2026-09
ns:D781327308BED0D6C1258E7A004D2C37	2026-09
ns:D9C846FBEC7C8C33C1258E76004D4374	2026-09
ns:E5B4E31F635B67B0C1258E7A004D2C5B	2026-09
ns:EB16C539F965A7EAC1258E72004D2BE1	2026-09
ns:EDAD3ED98983F887C1258E76004D437B	2026-09
ns:D06598943BF2A249C1258E7400201778	2026-09
ns:EFAB0BEDB6F27C79C1258E73004D435A	2026-09
ns:0263B67181999F4AC1258E76004D434D	2026-09
ns:403E58B887C8CE00C1258E76004D4306	2026-09
ns:42718726E9185717C1258E76004D4356	2026-09
ns:6FF2A873302D5695C1258E76004D4359	2026-09
ns:8300C7066A09DC1FC1258E73004D4352	2026-09
ns:BDE7F981C357836FC1258E76004D4351	2026-09
ns:F5053885382BB3FAC1258E73004D4357	2026-09
ns:deska:3tz21/2026	2026-09
ns:0177E6AFCF09DBC1C1258E7C004D43A3	2026-09
ns:02CBD24EDBADDD45C1258E7C004D43B4	2026-09
ns:120B674032B03C66C1258E7C004D43BF	2026-09
ns:267572FDB6511577C1258E7C004D43B9	2026-09
ns:334A32D60A791AA7C1258E7C004D439E	2026-09
ns:36314E7570D8E510C1258E7C004D43C4	2026-09
ns:6ADD3AEFE7AFA7FAC1258E7C004D43D9	2026-09
ns:77ED950A7D0D9DE6C1258E7C004D43AC	2026-09
ns:9C3EAAF4A0B02B21C1258E7C004D43A8	2026-09
ns:B3F5D28088650FC1C1258E7C004D43B1	2026-09
ns:FB68AE1449DCC434C1258E7C004D43D5	2026-09
ns:10A7E370E7B00647C1258E7C004D4333	2026-09
ns:7A9DF6AF4CA48845C1258E7C004D43CD	2026-09
ns:7F00607FCAF324CEC1258E7C004D43D2	2026-09
ns:82FAF31B7B27BE99C1258E7C004D43C9	2026-09
ns:1B4F242A2BF7C47FC1258E7C004D4347	2026-09
ns:3196ACF14AFCCFB9C1258E7C004D4395	2026-09
ns:9055B02F301BBA3CC1258E7C004D4374	2026-09
ns:9BF2F57DDBF2897EC1258E7C004D438F	2026-09
ns:B7CBA935977FB623C1258E7C004D4358	2026-09
ns:CF3265836B08B8FCC1258E7C004D4350	2026-09
ns:F9212E03C221C2CFC1258E7C004D433F	2026-09
ns:F95127E26A1DDE4EC1258E7C004D437F	2026-09
ns:FAB90B80E3BC2E7BC1258E7C004D4366	2026-09
ns:2C2AC41361B92EA5C1258E7C004D436F	2026-09
ns:BB433CA8D9EF1E78C1258E7C004D4388	2026-09
ns:03DE6F6162D6E3CCC1258E7C004D434C	2026-09
ns:deska:27cdo3331/2025	2026-09
ns:deska:29icdo158/2026	2026-09
ns:deska:29icdo177/2026	2026-09
ns:deska:29icdo82/2025	2026-09
ns:13465DFD5FA26DB2C1258E7D004D154B	2026-09
ns:341250C31AEE93A9C1258E7D004D14FD	2026-09
ns:576FC1BC74212255C1258E7D004D1543	2026-09
ns:709D4F740D888F79C1258E7D004D1500	2026-09
ns:83A8B0277C36302DC1258E7D004D14E7	2026-09
ns:94DA4488DE073302C1258E7D004D14F7	2026-09
ns:A40A6E21A9F211B7C1258E7D004D14ED	2026-09
ns:AFB26553472D7029C1258E7D004D153D	2026-09
ns:BDA8A3B36EBEFBBBC1258E7D004D14E2	2026-09
ns:D89A93D29EF40AAEC1258E7D004D1538	2026-09
ns:F5D907F69A228508C1258E7D004D151E	2026-09
ns:37F969A513446DC6C1258E7D004D1505	2026-09
ns:44E2A8C0D3DD9509C1258E7D004D1534	2026-09
ns:591E403D990A681AC1258E7D004D1531	2026-09
ns:5EE78597C6BBDCB2C1258E7D004D1514	2026-09
ns:838C27E60FE9DB3EC1258E7D004D1526	2026-09
ns:8A9699E5F2312979C1258E7D004D1511	2026-09
ns:9705747A52D4389DC1258E7D004D150A	2026-09
ns:A70014553D72F3C5C1258E7D004D1518	2026-09
ns:D792E386DA9B9301C1258E7D004D150D	2026-09
ns:DC6EEAE1D7495051C1258E7D004D1523	2026-09
ns:FFDCC529F6AF5D0CC1258E7D004D152C	2026-09
ns:deska:21cdo1228/2026	2026-09
ns:deska:27cdo1247/2025	2026-09
ns:deska:28cdo671/2026	2026-09
ns:deska:24cdo2250/2026	2026-09
ns:deska:22cdo1811/2026	2026-09
ns:deska:22cdo2084/2026	2026-09
ns:085AB8C0112CFC3FC1258E81004D5AC0	2026-09
ns:C54A1EC38EC76D3FC1258E81004D5AA7	2026-09
ns:F62EFEDFCE94BC2AC1258E81004D5AAF	2026-09
ns:FF24EE29A72A2DB8C1258E81004D5ABC	2026-09
ns:deska:23cdo1630/2025	2026-09
ns:deska:23cdo189/2026	2026-09
ns:deska:25cdo2578/2025	2026-09
ns:deska:24cdo1432/2026	2026-09
ns:deska:24cdo1196/2026	2026-09
ns:deska:30cdo1848/2026	2026-10
ns:deska:24cdo2285/2026	2026-10
ns:deska:21cdo3223/2024	2026-10
ns:deska:33cdo717/2026	2026-10
ns:deska:30cdo239/2026/	2026-10
ns:1B89EE8E9680FB05C1258E82004D2C2B	2026-09
ns:0847BFE2C58D3702C1258E8700374A9A	2026-10
ns:1291ACEFC1B839FDC1258E8700374A93	2026-10
ns:70302261B25F94CEC1258E8700374B0C	2026-10
ns:75DB38F85A816BFBC1258E8700374B2E	2026-10
ns:9DCA3C8EE3F77833C1258E8700374A8A	2026-10
ns:B1FCAE110CA82EFBC1258E8700374A8F	2026-10
ns:CDF585FBCDCC3A65C1258E8700374B29	2026-10
ns:DE8C9BFE62B23DAFC1258E8700374B25	2026-10
ns:E1A89006129B1A5FC1258E8700374B1E	2026-10
ns:F2A151184F229507C1258E8700374B15	2026-10
ns:0A1524B4F3E6793DC1258E82004D2C10	2026-09
ns:0DE4A3A0C43C5B6FC1258E82004D2C13	2026-09
ns:2418925703C4BFD2C1258E82004D2C28	2026-09
ns:59A4A50E4A7EBE7FC1258E82004D2C25	2026-09
ns:6C36EA144405F342C1258E82004D2C09	2026-09
ns:758C2F4686435B38C1258E82004D2C1E	2026-09
ns:774B7BFE48435B1AC1258E82004D2C1A	2026-09
ns:9A1D2C72BC7BBDDCC1258E8700374B10	2026-10
ns:B4F52CD68CA901C9C1258E82004D2C31	2026-09
ns:F56773812476C84EC1258E82004D2C04	2026-09
ns:06A32ACCF207604EC1258E8700374AB1	2026-10
ns:16896F98B27B4780C1258E8700374AE0	2026-10
ns:945236FD6E94DAF8C1258E8700374A76	2026-10
ns:ABED7FCB70817B28C1258E8700374AEB	2026-10
ns:B0A04236746B95C1C1258E8700374AF6	2026-10
ns:BD5F10EF0B5B683AC1258E8700374AAB	2026-10
ns:deska:25cdo1852/2025	2026-10
ns:01F31977E0668438C1258E8700374B05	2026-10
ns:05537334ED526197C1258E8700374B49	2026-10
ns:0FEC29D6F5193E62C1258E8700374B18	2026-10
ns:10D942671F853FB6C1258E87004D4514	2026-10
ns:122F7E9CA30D2FBEC1258E87004D4466	2026-10
ns:126943A02E61F401C1258E8700374B01	2026-10
ns:13299F3A6642497BC1258E87004D44FE	2026-10
ns:1525BF74EDAB87D9C1258E87004D450C	2026-10
ns:20800AD203BFF1C9C1258E87004D443C	2026-10
ns:243E26D080F2315AC1258E87004D4471	2026-10
ns:255456CFCBE4ACA7C1258E87004D447C	2026-10
ns:25A51E500E9DE98EC1258E87004D44A0	2026-10
ns:2CD4CE0D0B1A236DC1258E87004D445F	2026-10
ns:4098A051CB4A0DE6C1258E87004D449C	2026-10
ns:45FCCC0A81414E72C1258E8700374B31	2026-10
ns:4ADB8412A42BD2C2C1258E87004D44CE	2026-10
ns:4C0B049AB341440EC1258E87004D4476	2026-10
ns:5DC0E35C495E95B5C1258E87004D44C4	2026-10
ns:6BA3ADFE73F6E6D2C1258E87004D44F0	2026-10
ns:6DEBDF39621DB19DC1258E87004D44B1	2026-10
ns:700EFD08D7CA86B3C1258E8700374B44	2026-10
ns:7C7A2799555EC054C1258E87004D44EA	2026-10
ns:814C4A7BB571F229C1258E87004D44D8	2026-09
ns:8E2F655638EEE14CC1258E8700374B55	2026-10
ns:90A7DBEF986BFBEFC1258E8700374B4F	2026-10
ns:ACEEB632BC5FF0DEC1258E8700374A82	2026-10
ns:C2D134E180BE9864C1258E87004D44A6	2026-10
ns:C5763D0B65AFAE72C1258E8700374A39	2026-10
ns:CDB8219681C93166C1258E8700374AA4	2026-10
ns:D0A01C77E269AEF6C1258E87004D44BB	2026-10
ns:D4F31EC63A230239C1258E87004D44E0	2026-10
ns:DA3F00A4A40A0F6DC1258E87004D44BF	2026-10
ns:E38A0B16683D0B56C1258E87004D44AE	2026-10
ns:EF75570A75281A10C1258E87004D446A	2026-09
ns:F0B093FF9B9617F1C1258E87004D4497	2026-10
ns:F66A7E9580748CA0C1258E8700374B3A	2026-10
ns:F67706889AF03D11C1258E8700374B3F	2026-10
ns:F8517D6D87DEB979C1258E87004D44F6	2026-10
ns:F895B28AB3883A46C1258E87004D44B8	2026-10
ns:FE522F94F5DFBB0FC1258E8700374A7F	2026-10
ns:FF866A817C5452FBC1258E87004D44D2	2026-09
ns:FFACC33D4A5CC0F2C1258E87004D4438	2026-10
ns:7145144102B99B06C1258E8700374A71	2026-10
ns:7D9A7124BE157F10C1258E8700374A27	2026-10
ns:AF9AE26305409617C1258E87004D4455	2026-10
ns:0552945A9163C361C1258E87004D4449	2026-10
ns:3EEE5020D4AD3670C1258E87004D444F	2026-10
ns:5121FDC0147042FDC1258E87004D4452	2026-10
ns:5AC266C0DFD301A9C1258E87004D4481	2026-10
ns:67161723A9B71AEFC1258E87004D445B	2026-10
ns:9DBE5F6844247BFAC1258E87004D448F	2026-10
ns:AEC6FE517A4C2C21C1258E87004D4489	2026-10
ns:B863DBE006895E27C1258E87004D4494	2026-10
ns:BE45A0EA13E85AFEC1258E87004D4486	2026-10
ns:D6FE8D5F67F64D8EC1258E87004D4441	2026-10
ns:E5BCE7299737DC21C1258E87004D4463	2026-10
ns:18039DD95B901D44C1258E87004D43ED	2026-10
ns:226B427478AF1D29C1258E87004D442E	2026-10
ns:2C92BB3FEB9631B9C1258E87004D440C	2026-10
ns:47163AAF948F2B28C1258E87004D43E6	2026-10
ns:5E671BAA4A8B8DC9C1258E87004D43CF	2026-10
ns:70DBE30BB51034FFC1258E87004D4415	2026-10
ns:961A66730E556616C1258E87004D43DD	2026-10
ns:E67F15A3F3930FCDC1258E87004D4425	2026-10
ns:EAC2190B470C38CCC1258E87004D43FB	2026-10
ns:F8CD833CF13CAFBEC1258E87004D43F3	2026-10
ns:BE8137134A2C8919C1258E87004D4407	2026-10
ns:0D63631DC5A88E14C1258E87004D43DA	2026-10
ns:BD4EAB11F9C0FEC2C1258E87004D43D5	2026-10
ns:17545AF31503CC02C1258E88004D43D6	2026-10
ns:1A33388DC4C09202C1258E88004D4403	2026-10
ns:389437B92C25F9B3C1258E88004D43FF	2026-10
ns:4D99B9321AFE858AC1258E88004D442F	2026-10
ns:5374180D9E6B1390C1258E88004D4416	2026-10
ns:79E7EE5BB4C31B1CC1258E88004D4423	2026-10
ns:8FE8B19408BB1907C1258E88004D43DC	2026-10
ns:972FD9442C40533AC1258E88004D43F1	2026-10
ns:ACB4221A90B228E7C1258E88004D441C	2026-10
ns:B2554C19FFA59E8AC1258E88004D4427	2026-10
ns:CF67F0AB2BE00B9EC1258E88004D43E9	2026-10
ns:DA5070AB679D9582C1258E88004D43EC	2026-10
ns:EECB23183103B5C0C1258E88004D43E1	2026-10
ns:F34AD87F905D1B9EC1258E88004D442A	2026-10
ns:01CA9B295C1A9EEAC1258E88004D4410	2026-09
ns:0983CC44E57F9208C1258E88004D43C3	2026-09
ns:169C9DB0FA829C7EC1258E88004D43F8	2026-10
ns:63DA8BB88F40C3D0C1258E88004D43D0	2026-10
ns:B2870D3228EB2096C1258E88004D4408	2026-09
ns:DFB09F83C9C4FF51C1258E88004D43CD	2026-10
ns:0452185EF27E11C0C1258E88004D4399	2026-10
ns:2085046304867243C1258E88004D4346	2026-10
ns:29145EF2F71A15D5C1258E88004D43B8	2026-10
ns:3958A5DD90BCE0CCC1258E88004D4389	2026-10
ns:3D2449B166D2FE06C1258E88003B49F5	2026-10
ns:57DAFC613D502A81C1258E88004D436F	2026-10
ns:74300E202517D3D3C1258E88004D435C	2026-10
ns:791615FA7C688E8EC1258E88004D43AF	2026-10
ns:7FE5A2BFD3C014C3C1258E88004D437A	2026-10
ns:B2B28C5AA4FCE68DC1258E88004D439F	2026-10
ns:C014C6FD1B90086BC1258E88004D4382	2026-10
ns:D1296BFF71052DE7C1258E88004D438E	2026-10
ns:D8C1714ECA4D1670C1258E88004D4351	2026-10
ns:F8DB602B7A664837C1258E88004D4342	2026-10
ns:F9000304F1B2B0EEC1258E88004D4362	2026-10
ns:D51868D0B1F44A0AC1258E88004D43BD	2026-10
ns:26A806C59CE80670C1258E88004D436A	2026-10
ns:2C31E3091F1C67B7C1258E88004D4374	2026-10
ns:C9D064F7C3186092C1258E88004D43A7	2026-10
ns:deska:33cdo594/2025	2026-10
ns:02DB293C6ADFC78BC1258E89004D5A86	2026-10
ns:0D9CA884DB9B014BC1258E89004D5ABD	2026-10
ns:10BFC46CF9146607C1258E89004D5AD9	2026-10
ns:24CD627688336479C1258E89004D5A96	2026-10
ns:3CFFD1889EE149FCC1258E89004D5AC2	2026-10
ns:577CA3D19353E974C1258E89004D5ADE	2026-10
ns:588A7D650DA04E72C1258E89004D5AD0	2026-10
ns:6AED47E5C52D2914C1258E89004D5AE4	2026-10
ns:7E7304825AF7478AC1258E89004D5A9E	2026-10
ns:81ADACA8ADEFB7E8C1258E89004D5AA7	2026-10
ns:97D48BE990F20817C1258E89004D5AD4	2026-10
ns:99CDADB01382E842C1258E89004D5AA2	2026-10
ns:AD25286E0D626006C1258E89004D5AC6	2026-09
ns:CA3624E47C4097F9C1258E89004D5AB5	2026-10
ns:CE590F801F7C3A03C1258E89004D5A9B	2026-10
ns:DD795D3E23F96436C1258E89004D5AAF	2026-10
ns:23A86FF1C9247E9AC1258E89004D5A82	2026-10
ns:CCEE0AE0EE91B7C4C1258E89004D5A8B	2026-10
ns:DA9D7F350F8FFFDAC1258E89004D5A90	2026-10
ns:FFD79B1BD53C7DB2C1258E89004D5ABA	2026-10
ns:deska:4tz22/2026	2026-10
ns:0DB11E91F697A57DC1258E8A004D4398	2026-10
ns:1046316EF9217870C1258E8A004D43C6	2026-10
ns:1F2F124AF5083B44C1258E8A004D4373	2026-10
ns:2AB90A5CABB8EAD1C1258E8A004D43A6	2026-10
ns:2E9CFD8B1B3602A7C1258E8A004D43D4	2026-10
ns:2FE1A4DF922F598FC1258E8A004D438A	2026-10
ns:3643C10F74AD080CC1258E8A004D43DC	2026-10
ns:376C7184A1025CD7C1258E8A004D43D1	2026-10
ns:37DF3C74C2B8C6B7C1258E8A004D43D7	2026-10
ns:37E03EEACE7402F9C1258E8A004D43AD	2026-10
ns:443D4E081FA063F7C1258E8A004D43CA	2026-10
ns:4B55B0DA691B8A80C1258E8A004D43E2	2026-10
ns:74EB0E5AD0899F56C1258E8A004D439F	2026-10
ns:8400B6ABDECE513BC1258E8A004D437C	2026-10
ns:84BA56C6ACB82EB9C1258E8A004D43EB	2026-10
ns:9116B4BA83D6D68BC1258E8A004D4381	2026-10
ns:B3BB2D5FAA9A599AC1258E8A004D43E5	2026-10
ns:BF98CBE3DEE4E8F9C1258E8A004D43B1	2026-10
ns:C5F8B32682B18581C1258E8A004D4378	2026-10
ns:D60C85496D715B86C1258E8A004D4386	2026-10
ns:E8196312F9FA7A29C1258E8A004D43B9	2026-10
ns:BCA85FD160F2C26FC1258E8A004D438F	2026-10
ns:BFD407EBD455ED87C1258E8A004D4394	2026-10
ns:651C9D5920A2CDF8C1258E8A004D43C1	2026-10
ns:174D7C5E2678DEB9C1258E8A004D435F	2026-10
ns:243E78EA32A9CA3FC1258E8A004D432B	2026-10
ns:2C675EF7EFF3D9BCC1258E8A004D4314	2026-10
ns:783B1DEC7D71DC90C1258E8A004D4366	2026-10
ns:C6E656A2587FFC28C1258E8A004D4323	2026-10
ns:DA0C7ABAB7DBA337C1258E8A004D431A	2026-10
ns:EC05359E7336BC16C1258E8A003A46B3	2026-10
ns:deska:28cdo1751/2026	2026-10
ns:deska:23cdo3598/2024	2026-10
ns:deska:27cdo1521/2025	2026-10
ns:deska:27cdo1595/2025	2026-10
ns:deska:6tdo570/2026	2026-10
ns:deska:6tdo797/2026	2026-10
ns:0B54A5DE8F1AA9BDC1258E8B004D2C66	2026-10
ns:16CE3AFC6275A989C1258E8B004D2CEC	2026-09
ns:1BEDAC81EA046301C1258E8B004D2C27	2026-10
ns:1DDB9633C55D7223C1258E8B004D2C9E	2026-09
ns:26566F0B3DF1EC3AC1258E8B004D2D00	2026-10
ns:32A544EDAF2D5125C1258E8B004D2CC5	2026-10
ns:3E647741DBA6DA95C1258E8B004D2CE7	2026-10
ns:4437335727C89E1AC1258E8B004D2C94	2026-10
ns:4747C2FEEAFA8DCBC1258E8B004D2CBF	2026-10
ns:4C822708D9558238C1258E8B004D2CD8	2026-10
ns:5662414EBDB769FDC1258E8B004D2C85	2026-10
ns:62BFBA9C0ED03C05C1258E8B004D2C6C	2026-10
ns:885A6EFC4787CE18C1258E8B004D2CAA	2026-10
ns:93FA0CC12BBB14A5C1258E8B004D2CDE	2026-10
ns:9417D261C221C0E0C1258E8B004D2C8D	2026-10
ns:94B739B8A26D72A9C1258E8B004D2CE3	2026-10
ns:AA21ECBA0EAD6CBEC1258E8B004D2C8A	2026-10
ns:B2F73FA40DD2B585C1258E8B004D2CAF	2026-10
ns:C27E1E3F85D80BFBC1258E8B004D2C98	2026-10
ns:C8D75D136771C685C1258E8B004D2C91	2026-10
ns:CC5F3EC263929D47C1258E8B004D2CCA	2026-10
ns:D867E19DBDAB1C01C1258E8B004D2CFA	2026-10
ns:E02D11A4C5638669C1258E8B004D2C5F	2026-09
ns:E497924997FD6C1AC1258E8B004D2C77	2026-09
ns:EF15DF95A86D04EDC1258E8B004D2CF4	2026-10
ns:F28066119602A19CC1258E8B004D2C7F	2026-09
ns:F2EF46984F9407D0C1258E8B004D2CA4	2026-10
ns:F851FC497BD31C16C1258E8B004D2C72	2026-10
ns:417129682DAABFB8C1258E8B004D2CCE	2026-10
ns:EB6B379028769016C1258E8B004D2CBA	2026-10
ns:2B022FE9B03BBCF6C1258E8B004D2CB4	2026-10
ns:7FD42B2590D86D18C1258E8B004D2CD3	2026-10
ns:12790AC848463BF6C1258E8B00304626	2026-10
ns:1914E18D3D326CF9C1258E8B004D2C2F	2026-10
ns:26394C408C5E2A5CC1258E8B004D2C48	2026-10
ns:40716D0FAEA35C76C1258E8B004D2C3D	2026-10
ns:8583813A73F13A9EC1258E8B004D2C54	2026-10
ns:96F20F25B8682EB9C1258E8B004D2C4D	2026-10
ns:FB9E4497234AAC75C1258E8B004D2C35	2026-10
ns:deska:23cdo2258/2025	2026-10
ns:deska:22cdo24/2026	2026-10
