sdeu:62025CJ0151	2026-09
sdeu:62024CJ0900	2026-09
sdeu:62025CJ0190	2026-09
sdeu:62025CJ0381	2026-09
sdeu:62025CJ0369	2026-09
sdeu:62025CJ0503	2026-09
sdeu:62025CJ0511	2026-09
sdeu:62025CJ0600	2026-09
sdeu:62025CJ0176	2026-09
sdeu:62025CJ0300	2026-09
sdeu:62025CC0122	2026-09
sdeu:62025CC0538	2026-09
sdeu:62025CC0573	2026-09
sdeu:62024TJ0463	2026-09
sdeu:62024TJ0240	2026-09
sdeu:62024TJ0239	2026-09
sdeu:62025TJ0232	2026-09
sdeu:62025TJ0231	2026-09
sdeu:62024TJ0584	2026-09
sdeu:62025TJ0409	2026-09
sdeu:62024CJ0722	2026-09
sdeu:62025CJ0223	2026-09
sdeu:62024CJ0721	2026-09
sdeu:62024CJ0876	2026-09
sdeu:62024CJ0657	2026-09
sdeu:62024CJ0438	2026-09
sdeu:62025CJ0139	2026-09
sdeu:62025CJ0266	2026-09
sdeu:62025CJ0437	2026-09
sdeu:62025CJ0197	2026-09
sdeu:62024CC0836	2026-09
sdeu:62025CC0317	2026-09
sdeu:62025CC0470	2026-09
sdeu:62025CC0449	2026-09
sdeu:62025CC0407	2026-09
sdeu:62025CC0460	2026-09
sdeu:62025CC0556	2026-09
sdeu:62025CC0444	2026-09
sdeu:62026CN0630	2026-09
sdeu:62026CN0605	2026-09
sdeu:62026CN0769	2026-09
sdeu:62026CN0687	2026-09
sdeu:62026CN0595	2026-09
sdeu:62024TJ0455	2026-09
sdeu:62025TJ0060	2026-09
sdeu:62025TJ0885	2026-09
sdeu:62025TJ0890	2026-09
sdeu:62025TJ0827	2026-09
sdeu:62024TJ0287	2026-09
sdeu:62024TJ0460	2026-09
sdeu:62025TJ0467	2026-09
sdeu:62024TJ0459	2026-09
sdeu:62025TJ0566	2026-09
sdeu:62025TJ0509	2026-09
sdeu:62022TO0083	2026-09
sdeu:62026CO0367	2026-09
sdeu:62026TO0381(01)	2026-09
sdeu:62026TO0244(01)	2026-09
sdeu:62026TO0305(01)	2026-09
sdeu:62026TO0304(01)	2026-09
sdeu:62026TO0359(01)	2026-09
sdeu:62026TO0330(01)	2026-09
sdeu:ipc:C-1009/26	2026-09
sdeu:62026TO0365	2026-09
sdeu:62025TO0375(01)	2026-09
sdeu:62026CN0579	2026-09
sdeu:62026CN0638	2026-09
sdeu:62026CN0660	2026-09
sdeu:62026CN0639	2026-09
sdeu:62026CN0433	2026-09
sdeu:62026CN0666	2026-09
sdeu:62026CN0722	2026-09
sdeu:62026CN0694	2026-09
sdeu:62026CN0714	2026-09
sdeu:62026CN0642	2026-09
sdeu:62026CN0754	2026-09
sdeu:62026TO0436(01)	2026-09
sdeu:62021TJ0294	2026-10
sdeu:62024TJ0583	2026-10
sdeu:62025TJ0302	2026-10
sdeu:62025TJ0800	2026-10
sdeu:62025TJ0256	2026-10
sdeu:62025TJ0188	2026-10
sdeu:62023TJ0139	2026-10
sdeu:62023TJ0132	2026-10
sdeu:62023TJ0115	2026-10
sdeu:62023TJ0140	2026-10
sdeu:62025TJ0323	2026-10
sdeu:62025TJ0258	2026-10
sdeu:62023TJ0138	2026-10
sdeu:62023TJ0133	2026-10
sdeu:62024TJ0590	2026-10
sdeu:62025TJ0094	2026-10
sdeu:62024TJ0449	2026-10
sdeu:62025TJ0084	2026-10
sdeu:62025TJ0477	2026-10
sdeu:62025TJ0494	2026-10
sdeu:62025TJ0255	2026-10
sdeu:62025TJ0093	2026-10
sdeu:62025TJ0683	2026-10
sdeu:62025TJ0564	2026-10
sdeu:62025TJ0257	2026-10
sdeu:62026CO0034	2026-09
sdeu:62025CJ0131	2026-10
sdeu:62025CJ0020	2026-10
sdeu:62025CJ0522	2026-10
sdeu:62025CJ0459	2026-10
sdeu:62024CJ0845	2026-10
sdeu:62025CJ0209	2026-10
sdeu:62024CJ0855	2026-10
sdeu:62025CJ0249	2026-10
sdeu:62025CC0697	2026-10
sdeu:62025CC0347	2026-10
sdeu:62025CC0012	2026-10
sdeu:62026CO0035	2026-09
sdeu:62026CN0734	2026-10
sdeu:62026CN0752	2026-10
sdeu:62026CN0592	2026-10
sdeu:62026CN0747	2026-10
sdeu:62026CN0685	2026-10
sdeu:62026CN0815	2026-10
sdeu:62026CN0533	2026-10
sdeu:62026CO0460	2026-09
sdeu:62025TJ0408	2026-10
sdeu:62025TJ0371	2026-10
sdeu:62025TJ0529	2026-10
sdeu:62026TJ0009	2026-10
sdeu:62025TJ0773	2026-10
sdeu:62025TJ0807	2026-10
sdeu:62026TJ0086	2026-10
sdeu:62024TJ0203	2026-10
sdeu:62025TJ0559	2026-10
sdeu:62025TJ0631	2026-10
sdeu:62023CO0509	2026-09
sdeu:62025CJ0224	2026-10
sdeu:62025CJ0572	2026-10
sdeu:62025CJ0057	2026-10
sdeu:62024CJ0571	2026-10
sdeu:62025CJ0173	2026-10
sdeu:62024CJ0872	2026-10
sdeu:62024CJ0808	2026-10
sdeu:62024CJ0482	2026-10
sdeu:62023CJ0706	2026-10
sdeu:62025CC0390	2026-10
sdeu:62025CC0222	2026-10
sdeu:62024CC0893	2026-10
sdeu:62026CO0464	2026-10
sdeu:62026CO0438	2026-10
sdeu:62025CO0834	2026-09
sdeu:62025CO0833	2026-09
sdeu:62025CO0835	2026-09
sdeu:62025CO0830	2026-09
sdeu:62025CO0831	2026-09
sdeu:62025CO0832	2026-09
sdeu:62026TO0505	2026-10
sdeu:62026CJ0108	2026-10
sdeu:62025TO0886	2026-10
sdeu:62025TO0650	2026-10
sdeu:62025TO0698	2026-10
sdeu:62025TO0655	2026-10
sdeu:62025TO0640	2026-10
sdeu:62025TO0699	2026-10
sdeu:62026TO0307	2026-10
sdeu:62026CO0110	2026-10
