us:2-1922-26_1	2026-09
us:4-1666-26_1	2026-09
us:Pl-10-26_2	2026-09
us:4-465-26_1	2026-09
us:2-1140-25_2	2026-09
us:2-3135-25_1	2026-09
us:2-1984-26_1	2026-09
us:1-1767-26_1	2026-09
us:4-1549-26_1	2026-09
us:2-999-26_2	2026-09
us:4-1706-26_1	2026-09
us:4-2303-26_1	2026-09
us:4-1961-26_1	2026-09
us:4-2208-26_1	2026-09
us:4-2191-26_1	2026-09
us:4-2233-26_1	2026-09
us:1-1717-26_1	2026-09
us:1-2240-26_1	2026-09
us:1-3495-25_1	2026-09
us:3-2022-26_1	2026-09
us:1-2145-26_1	2026-09
us:1-273-26_1	2026-09
us:1-2259-26_1	2026-09
us:3-2102-26_1	2026-09
us:3-767-26_1	2026-09
us:2-1699-26_1	2026-09
us:2-2440-26_1	2026-09
us:1-1674-26_1	2026-09
us:1-1726-26_1	2026-09
us:1-1824-26_1	2026-09
us:3-2334-26_1	2026-09
us:1-1228-26_1	2026-09
us:3-2221-26_1	2026-09
us:3-2164-26_1	2026-09
us:1-1029-26_1	2026-09
us:2-1101-26_2	2026-09
us:2-1971-26_3	2026-09
us:4-2365-26_1	2026-09
us:4-1837-26_1	2026-09
us:4-1652-26_1	2026-09
us:4-2265-26_1	2026-09
us:4-655-26_1	2026-09
us:4-1150-26_1	2026-09
us:4-2190-26_1	2026-09
us:4-1738-26_1	2026-09
us:4-1795-26_1	2026-09
us:4-2023-26_1	2026-09
us:4-1068-26_1	2026-09
us:4-2077-26_1	2026-09
us:4-2308-26_1	2026-09
us:4-2350-26_1	2026-09
us:1-1799-26_1	2026-09
us:4-1947-26_1	2026-09
us:4-2194-26_1	2026-09
us:1-1827-26_1	2026-09
us:1-2397-26_1	2026-09
us:1-1625-26_1	2026-09
us:3-1223-26_1	2026-09
us:1-2496-26_1	2026-09
us:1-2439-26_1	2026-09
us:1-1941-26_1	2026-09
us:3-1208-26_1	2026-09
us:1-2309-26_1	2026-09
us:3-1433-26_1	2026-09
us:3-1091-26_1	2026-09
us:3-1679-26_2	2026-09
us:1-2396-26_1	2026-09
us:3-1736-26_1	2026-09
us:3-2335-26_1	2026-09
us:3-2470-26_1	2026-09
us:3-2441-26_1	2026-09
us:1-2540-26_1	2026-09
us:2-1996-26_1	2026-09
us:2-2253-26_1	2026-09
us:2-2313-26_1	2026-09
us:2-1725-26_1	2026-09
us:2-2184-26_1	2026-09
us:4-2251-26_1	2026-09
us:4-2913-25_1	2026-09
us:2-2395-26_1	2026-09
us:2-2495-26_1	2026-09
us:4-1763-26_2	2026-09
us:2-1797-26_1	2026-09
us:4-1819-26_1	2026-09
us:2-2271-26_1	2026-09
us:3-2071-26_1	2026-09
us:3-795-26_1	2026-09
us:1-3203-25_1	2026-09
us:1-1404-26_1	2026-09
us:1-2097-26_1	2026-09
us:2-2124-26_1	2026-09
us:2-2338-26_1	2026-09
us:3-1052-26_1	2026-09
us:3-852-26_1	2026-09
us:1-2239-26_1	2026-09
us:1-2373-26_1	2026-09
us:3-1661-26_1	2026-09
us:3-1703-26_1	2026-09
us:2-1059-26_1	2026-09
us:2-574-26_1	2026-09
us:4-2379-26_1	2026-09
us:4-2020-26_1	2026-09
us:4-1976-26_1	2026-09
us:4-2004-26_1	2026-09
us:2-1488-26_2	2026-09
us:4-2147-26_2	2026-09
us:2-2264-26_1	2026-09
us:2-2349-26_1	2026-09
us:3-781-26_1	2026-09
us:1-2297-26_1	2026-09
us:1-319-25_1	2026-09
us:1-2351-26_1	2026-09
us:1-2280-26_1	2026-09
us:2-1901-26_1	2026-09
us:4-2151-26_1	2026-09
us:2-1374-26_1	2026-09
us:4-1876-26_1	2026-09
us:2-2435-26_1	2026-09
us:2-1916-26_1	2026-09
us:4-2464-26_1	2026-09
us:4-2432-26_1	2026-09
us:2-2438-26_1	2026-09
us:Pl-17-26_2	2026-09
us:1-898-26_1	2026-09
us:Pl-17-26_1	2026-09
us:3-920-26_1	2026-09
us:1-2394-26_1	2026-09
us:1-2211-26_1	2026-09
us:3-848-26_1	2026-09
us:1-3430-25_3	2026-09
us:4-925-26_2	2026-09
us:4-1391-26_1	2026-09
us:4-2105-26_1	2026-10
us:4-1877-26_1	2026-10
us:2-1870-26_1	2026-10
us:2-2370-26_1	2026-10
us:2-2310-26_1	2026-10
us:4-1909-26_2	2026-10
us:4-2018-26_1	2026-10
us:4-2090-26_1	2026-10
us:4-2162-26_1	2026-10
us:3-838-26_1	2026-10
us:3-1892-26_1	2026-10
us:4-1264-26_2	2026-10
us:4-2062-26_1	2026-10
us:4-2248-26_1	2026-10
us:4-2290-26_1	2026-10
us:4-2262-26_1	2026-10
us:4-2305-26_1	2026-10
us:1-2423-26_1	2026-10
us:1-2209-26_1	2026-10
us:1-3680-25_1	2026-10
us:1-2453-26_1	2026-10
us:1-2126-26_1	2026-10
us:2-2471-26_1	2026-10
us:2-2554-26_1	2026-10
us:4-2536-26_1	2026-10
us:4-2346-26_1	2026-10
us:4-2521-26_1	2026-10
us:4-2632-26_1	2026-10
us:4-2616-26_1	2026-10
us:3-1931-26_1	2026-10
us:3-2136-26_1	2026-10
us:1-1542-26_1	2026-10
us:2-2357-26_1	2026-10
us:2-1515-26_1	2026-10
us:1-2366-26_1	2026-10
us:1-2311-26_1	2026-10
us:1-1955-26_1	2026-10
us:4-2047-26_1	2026-10
us:4-1849-26_1	2026-10
us:2-2241-26_1	2026-10
us:2-2315-26_1	2026-10
us:3-1447-26_1	2026-10
us:2-2585-26_1	2026-10
us:2-2258-26_1	2026-10
us:3-2091-25_1	2026-10
us:2-2400-26_1	2026-10
us:4-1880-26_1	2026-10
us:2-2196-26_1	2026-10
us:2-2142-26_1	2026-10
us:2-2343-26_1	2026-10
us:2-2224-26_1	2026-10
us:2-1968-26_1	2026-10
us:2-2281-26_1	2026-10
us:2-2238-26_1	2026-10
us:3-1536-26_1	2026-10
us:2-2087-26_1	2026-10
us:1-1867-26_1	2026-10
us:2-2129-26_1	2026-10
us:3-107-26_1	2026-10
us:3-2035-26_1	2026-10
us:2-2429-26_1	2026-10
us:3-1732-26_1	2026-10
us:3-1935-26_1	2026-10
us:3-1946-26_1	2026-10
us:3-2006-26_1	2026-10
us:2-1460-26_1	2026-10
us:3-1120-26_1	2026-10
us:3-1128-25_1	2026-10
us:3-2592-26_1	2026-10
us:3-2260-26_1	2026-10
us:4-1378-26_1	2026-10
us:2-1751-26_1	2026-10
us:2-2292-26_1	2026-10
us:3-1294-26_1	2026-10
us:2-1657-26_2	2026-10
us:2-1999-26_1	2026-10
us:3-2159-26_1	2026-10
us:2-2153-26_1	2026-10
us:3-2086-26_1	2026-10
us:3-2659-26_1	2026-10
us:2-1885-26_1	2026-10
us:2-2170-26_1	2026-10
us:2-2144-26_1	2026-10
us:2-1773-26_1	2026-10
us:2-1673-26_1	2026-10
